doc_id;datetime;text;likes;reposts;replies;username;handle;user_description;user_image;user_followers;commented_post;sponsored;target;condition;sequence
1;22.03.26 06:00;"Quick reminder: recognition matters. 👏
A simple “thank you” can turn a tough day into a good one.
I love that appreciation is part of the day-to-day here.

What’s the best recognition you’ve received at work?";24;6;3;Ben Walker ;BenWalkerOps;Operations Analyst at Nordhaven Group;https://unsplash.com/photos/man-in-gray-button-up-shirt-EZ4TYgXPNWk;4800;0;0;;A;1
2;22.03.26 08:30;"Big day!  We just went live with Project Aurora 🎉
Huge credit to everyone who put in the work across teams.
Proud of the collaboration (and the calm problem-solving) that got this over the line.

What’s your go-to tip for a smooth launch?";24;6;3;Ben Walker ;BenWalkerOps;Operations Analyst at Nordhaven Group;https://unsplash.com/photos/man-in-gray-button-up-shirt-EZ4TYgXPNWk;4800;0;0;;A;2
3;22.03.26 06:00;"Big news: we’re kicking off a mentoring program 🎉
Honestly, it’s one of the best ways to learn faster—because you don’t have to figure everything out alone.
Super excited to see the conversations (and the “aha” moments) this brings.

What’s the best advice you’ve ever gotten from a mentor?";24;6;3;Ben Walker ;BenWalkerOps;Operations Analyst at Nordhaven Group;https://unsplash.com/photos/man-in-gray-button-up-shirt-EZ4TYgXPNWk;4800;0;0;;A;3
4;24.03.26 06:00;"Really appreciate our hybrid setup. 🙌
Having a few remote days makes it easier to focus and keep life running smoothly.
The trust + flexibility honestly makes a big difference.

How does hybrid work look in your team?";24;6;3;Ben Walker ;BenWalkerOps;Operations Analyst at Nordhaven Group;https://unsplash.com/photos/man-in-gray-button-up-shirt-EZ4TYgXPNWk;4800;0;0;;A;4
5;26.03.26 06:00;"We’re making steady progress on reducing our footprint 🌍
Less waste, smarter choices, and a few practical changes that add up over time.
Not perfect yet—but moving in the right direction.

What’s one sustainability change that actually works in practice?";24;6;3;Ben Walker ;BenWalkerOps;Operations Analyst at Nordhaven Group;https://unsplash.com/photos/man-in-gray-button-up-shirt-EZ4TYgXPNWk;4800;0;0;;A;5
6;27.03.26 06:00;"Recognition plays an important role in a healthy culture.
Acknowledging contributions reinforces positive behavior and supports motivation across teams.
We aim to make appreciation a consistent practice.

What recognition practices have worked well in your organization?";24;6;3;Ben Walker ;BenWalkerOps;Operations Analyst at Nordhaven Group;https://unsplash.com/photos/man-in-gray-button-up-shirt-EZ4TYgXPNWk;4800;0;0;;B;1
7;27.03.26 06:05;"Today we reached an important milestone: Project Aurora is now live.
I would like to acknowledge the teams involved for their collaboration and disciplined execution.
This milestone reflects strong cross-functional coordination and delivery focus.

What practices have helped your teams deliver successful launches?";24;6;3;Ben Walker ;BenWalkerOps;Operations Analyst at Nordhaven Group;https://unsplash.com/photos/man-in-gray-button-up-shirt-EZ4TYgXPNWk;4800;0;0;;B;2
8;28.03.26 09:00;"We are pleased to announce the launch of a mentoring program.
The objective is to support development through structured guidance and knowledge sharing across teams.
We expect this initiative to strengthen learning, capability building, and long-term growth.

We welcome perspectives on effective mentoring practices.";24;6;3;Ben Walker ;BenWalkerOps;Operations Analyst at Nordhaven Group;https://unsplash.com/photos/man-in-gray-button-up-shirt-EZ4TYgXPNWk;4800;0;0;;B;3
9;28.03.26 08:30;"We support a hybrid work model that provides flexibility while maintaining team collaboration.
Offering remote work options helps people manage focus time and personal responsibilities more effectively.
We aim to balance autonomy with alignment and communication.

How does your organization approach hybrid work?";24;6;3;Ben Walker ;BenWalkerOps;Operations Analyst at Nordhaven Group;https://unsplash.com/photos/man-in-gray-button-up-shirt-EZ4TYgXPNWk;4800;0;0;;B;4
10;22.03.26 06:01;"We are taking steps to reduce our environmental footprint through practical operational improvements.
Our focus is on reducing waste and improving efficiency through measurable changes.
We remain committed to continuous improvement in sustainability.

Which initiatives have delivered the most measurable sustainability benefits in your experience?";24;6;3;Ben Walker ;BenWalkerOps;Operations Analyst at Nordhaven Group;https://unsplash.com/photos/man-in-gray-button-up-shirt-EZ4TYgXPNWk;4800;0;0;;B;5
11;22.03.26 08:31;"Quick reminder: recognition matters. 👏
A simple “thank you” can turn a tough day into a good one.
I love that appreciation is part of the day-to-day here.

What’s the best recognition you’ve received at work?";24;6;3;Alex Miller;AlexMillerCEO;CEO at Nordhaven Group;https://unsplash.com/photos/portret-of-bearded-handsome-middle-aged-businessman-by-the-wall-VsO23pb6r14;18500;0;0;;C;1
12;22.03.26 06:01;"Big day! We just went live with Project Aurora 🎉
Huge credit to everyone who put in the work across teams.
Proud of the collaboration (and the calm problem-solving) that got this over the line.

What’s your go-to tip for a smooth launch?";24;6;3;Alex Miller;AlexMillerCEO;CEO at Nordhaven Group;https://unsplash.com/photos/portret-of-bearded-handsome-middle-aged-businessman-by-the-wall-VsO23pb6r14;18500;0;0;;C;2
13;24.03.26 06:01;"Big news: we’re kicking off a mentoring program 🎉
Honestly, it’s one of the best ways to learn faster—because you don’t have to figure everything out alone.
Super excited to see the conversations (and the “aha” moments) this brings.

What’s the best advice you’ve ever gotten from a mentor?";24;6;3;Alex Miller;AlexMillerCEO;CEO at Nordhaven Group;https://unsplash.com/photos/portret-of-bearded-handsome-middle-aged-businessman-by-the-wall-VsO23pb6r14;18500;0;0;;C;3
14;26.03.26 06:01;"Really appreciate our hybrid setup. 🙌
Having a few remote days makes it easier to focus and keep life running smoothly.
The trust + flexibility honestly makes a big difference.

How does hybrid work look in your team?";24;6;3;Alex Miller;AlexMillerCEO;CEO at Nordhaven Group;https://unsplash.com/photos/portret-of-bearded-handsome-middle-aged-businessman-by-the-wall-VsO23pb6r14;18500;0;0;;C;4
15;27.03.26 06:10;"We’re making steady progress on reducing our footprint 🌍
Less waste, smarter choices, and a few practical changes that add up over time.
Not perfect yet—but moving in the right direction.

What’s one sustainability change that actually works in practice?";24;6;3;Alex Miller;AlexMillerCEO;CEO at Nordhaven Group;https://unsplash.com/photos/portret-of-bearded-handsome-middle-aged-businessman-by-the-wall-VsO23pb6r14;18500;0;0;;C;5
16;27.03.26 06:15;"Recognition plays an important role in a healthy culture.
Acknowledging contributions reinforces positive behavior and supports motivation across teams.
We aim to make appreciation a consistent practice.

What recognition practices have worked well in your organization?";24;6;3;Alex Miller;AlexMillerCEO;CEO at Nordhaven Group;https://unsplash.com/photos/portret-of-bearded-handsome-middle-aged-businessman-by-the-wall-VsO23pb6r14;18500;0;0;;D;1
17;28.03.26 09:01;"Today we reached an important milestone: Project Aurora is now live.
I would like to acknowledge the teams involved for their collaboration and disciplined execution.
This milestone reflects strong cross-functional coordination and delivery focus.

What practices have helped your teams deliver successful launches?";24;6;3;Alex Miller;AlexMillerCEO;CEO at Nordhaven Group;https://unsplash.com/photos/portret-of-bearded-handsome-middle-aged-businessman-by-the-wall-VsO23pb6r14;18500;0;0;;D;2
18;28.03.26 08:31;"We are pleased to announce the launch of a mentoring program.
The objective is to support development through structured guidance and knowledge sharing across teams.
We expect this initiative to strengthen learning, capability building, and long-term growth.

We welcome perspectives on effective mentoring practices.";24;6;3;Alex Miller;AlexMillerCEO;CEO at Nordhaven Group;https://unsplash.com/photos/portret-of-bearded-handsome-middle-aged-businessman-by-the-wall-VsO23pb6r14;18500;0;0;;D;3
19;22.03.26 06:02;"We support a hybrid work model that provides flexibility while maintaining team collaboration.
Offering remote work options helps people manage focus time and personal responsibilities more effectively.
We aim to balance autonomy with alignment and communication.

How does your organization approach hybrid work?";24;6;3;Alex Miller;AlexMillerCEO;CEO at Nordhaven Group;https://unsplash.com/photos/portret-of-bearded-handsome-middle-aged-businessman-by-the-wall-VsO23pb6r14;18500;0;0;;D;4
20;22.03.26 08:32;"We are taking steps to reduce our environmental footprint through practical operational improvements.
Our focus is on reducing waste and improving efficiency through measurable changes.
We remain committed to continuous improvement in sustainability.

Which initiatives have delivered the most measurable sustainability benefits in your experience?";24;6;3;Alex Miller;AlexMillerCEO;CEO at Nordhaven Group;https://unsplash.com/photos/portret-of-bearded-handsome-middle-aged-businessman-by-the-wall-VsO23pb6r14;18500;0;0;;D;5